sell-or-buy,count,page,last_page,total,listing_datetime,unit_price,quantity,results.listings
sell,1000,1,4,3226,2020-05-23 04:38:29 UTC,53089,2524,608
sell,1000,1,4,3226,2020-05-23 03:52:24 UTC,53001,2483,607
sell,1000,1,4,3226,2020-05-23 02:46:02 UTC,52984,2562,616
sell,1000,1,4,3226,2020-05-23 02:04:52 UTC,52598,2463,625
sell,1000,1,4,3226,2020-05-23 01:14:23 UTC,52750,2465,633
sell,1000,1,4,3226,2020-05-23 00:13:14 UTC,51946,2511,619
sell,1000,1,4,3226,2020-05-22 23:25:27 UTC,50000,2498,612
sell,1000,1,4,3226,2020-05-22 22:40:00 UTC,52999,2426,598
sell,1000,1,4,3226,2020-05-22 21:42:49 UTC,54062,2296,570
sell,1000,1,4,3226,2020-05-22 21:04:28 UTC,53500,2413,604
sell,1000,1,4,3226,2020-05-22 20:14:52 UTC,53502,2360,597
sell,1000,1,4,3226,2020-05-22 19:15:40 UTC,53468,2353,588
sell,1000,1,4,3226,2020-05-22 18:27:41 UTC,53498,2350,591
sell,1000,1,4,3226,2020-05-22 17:39:38 UTC,52003,2401,600
sell,1000,1,4,3226,2020-05-22 16:29:58 UTC,53320,2392,595
sell,1000,1,4,3226,2020-05-22 15:48:36 UTC,53300,2383,591
sell,1000,1,4,3226,2020-05-22 14:54:55 UTC,53399,2522,593
sell,1000,1,4,3226,2020-05-22 13:52:13 UTC,53405,2517,591
sell,1000,1,4,3226,2020-05-22 13:07:19 UTC,53408,2474,579
sell,1000,1,4,3226,2020-05-22 12:20:18 UTC,52490,2411,597
sell,1000,1,4,3226,2020-05-22 11:12:22 UTC,52498,2387,589
sell,1000,1,4,3226,2020-05-22 10:33:02 UTC,53497,2336,585
sell,1000,1,4,3226,2020-05-22 09:42:17 UTC,54064,2251,564
sell,1000,1,4,3226,2020-05-22 08:41:57 UTC,55067,2212,558
sell,1000,1,4,3226,2020-05-22 07:52:45 UTC,54512,2237,560
sell,1000,1,4,3226,2020-05-22 07:06:21 UTC,55769,2195,560
sell,1000,1,4,3226,2020-05-22 05:57:56 UTC,55758,2175,554
sell,1000,1,4,3226,2020-05-22 05:17:39 UTC,55763,2151,544
sell,1000,1,4,3226,2020-05-22 04:28:35 UTC,56991,2129,531
sell,1000,1,4,3226,2020-05-22 03:28:08 UTC,56890,2082,531
sell,1000,1,4,3226,2020-05-22 02:39:26 UTC,56496,2114,533
sell,1000,1,4,3226,2020-05-22 01:53:34 UTC,55097,2162,537
sell,1000,1,4,3226,2020-05-22 00:47:26 UTC,56500,2076,522
sell,1000,1,4,3226,2020-05-22 00:08:13 UTC,55212,2096,534
sell,1000,1,4,3226,2020-05-21 23:15:53 UTC,54493,2239,562
sell,1000,1,4,3226,2020-05-21 22:17:17 UTC,53510,2368,586
sell,1000,1,4,3226,2020-05-21 21:27:20 UTC,52372,2487,620
sell,1000,1,4,3226,2020-05-21 20:42:23 UTC,53179,2471,616
sell,1000,1,4,3226,2020-05-21 19:45:26 UTC,53088,2485,614
sell,1000,1,4,3226,2020-05-21 19:05:14 UTC,52589,2481,616
sell,1000,1,4,3226,2020-05-21 18:15:17 UTC,53092,2479,612
sell,1000,1,4,3226,2020-05-21 17:13:06 UTC,53506,2459,591
sell,1000,1,4,3226,2020-05-21 16:24:55 UTC,54470,2352,576
sell,1000,1,4,3226,2020-05-21 15:33:21 UTC,54479,2347,574
sell,1000,1,4,3226,2020-05-21 14:27:04 UTC,53014,2359,575
sell,1000,1,4,3226,2020-05-21 13:48:13 UTC,53499,2413,581
sell,1000,1,4,3226,2020-05-21 12:56:34 UTC,54490,2342,568
sell,1000,1,4,3226,2020-05-21 11:57:16 UTC,54495,2199,554
sell,1000,1,4,3226,2020-05-21 11:13:05 UTC,55456,2182,541
sell,1000,1,4,3226,2020-05-21 10:25:47 UTC,55599,2138,526
sell,1000,1,4,3226,2020-05-21 09:18:14 UTC,54092,2046,507
sell,1000,1,4,3226,2020-05-21 08:37:47 UTC,57437,1990,492
sell,1000,1,4,3226,2020-05-21 07:46:04 UTC,57492,2035,493
sell,1000,1,4,3226,2020-05-21 06:45:33 UTC,56885,1973,504
sell,1000,1,4,3226,2020-05-21 05:58:12 UTC,56964,2030,504
sell,1000,1,4,3226,2020-05-21 05:12:14 UTC,55462,2082,523
sell,1000,1,4,3226,2020-05-21 04:06:55 UTC,56959,2050,511
sell,1000,1,4,3226,2020-05-21 03:25:54 UTC,56898,2072,517
sell,1000,1,4,3226,2020-05-21 02:38:55 UTC,56958,2055,510
sell,1000,1,4,3226,2020-05-21 01:39:49 UTC,56367,2063,502
sell,1000,1,4,3226,2020-05-21 00:50:32 UTC,56268,1972,498
sell,1000,1,4,3226,2020-05-21 00:04:17 UTC,55000,2027,479
sell,1000,1,4,3226,2020-05-20 22:57:19 UTC,56500,1874,464
sell,1000,1,4,3226,2020-05-20 22:18:12 UTC,56984,1924,474
sell,1000,1,4,3226,2020-05-20 21:27:28 UTC,57506,1958,488
sell,1000,1,4,3226,2020-05-20 20:29:52 UTC,57881,1964,476
sell,1000,1,4,3226,2020-05-20 19:39:56 UTC,55048,1942,479
sell,1000,1,4,3226,2020-05-20 18:54:28 UTC,55045,1962,481
sell,1000,1,4,3226,2020-05-20 17:54:48 UTC,55023,1977,476
sell,1000,1,4,3226,2020-05-20 17:15:00 UTC,55049,1931,466
sell,1000,1,4,3226,2020-05-20 16:26:23 UTC,57895,1766,427
sell,1000,1,4,3226,2020-05-20 15:25:04 UTC,57988,1704,427
sell,1000,1,4,3226,2020-05-20 14:37:50 UTC,60218,1562,392
sell,1000,1,4,3226,2020-05-20 13:54:08 UTC,59745,1711,451
sell,1000,1,4,3226,2020-05-20 12:48:17 UTC,59800,1664,427
sell,1000,1,4,3226,2020-05-20 12:07:33 UTC,58885,1668,440
sell,1000,1,4,3226,2020-05-20 11:15:12 UTC,59987,1647,422
sell,1000,1,4,3226,2020-05-20 10:14:46 UTC,59991,1671,415
sell,1000,1,4,3226,2020-05-20 09:30:39 UTC,59900,1676,421
sell,1000,1,4,3226,2020-05-20 08:44:44 UTC,59721,1666,422
sell,1000,1,4,3226,2020-05-20 07:39:13 UTC,58993,1807,459
sell,1000,1,4,3226,2020-05-20 07:00:18 UTC,58979,1826,468
sell,1000,1,4,3226,2020-05-20 06:11:12 UTC,58885,1849,475
sell,1000,1,4,3226,2020-05-20 05:10:44 UTC,58745,1925,488
sell,1000,1,4,3226,2020-05-20 04:22:24 UTC,58300,2024,504
sell,1000,1,4,3226,2020-05-20 03:36:40 UTC,58022,1902,490
sell,1000,1,4,3226,2020-05-20 02:28:54 UTC,58497,2016,502
sell,1000,1,4,3226,2020-05-20 01:46:44 UTC,58495,1963,492
sell,1000,1,4,3226,2020-05-20 01:00:14 UTC,58700,1901,480
sell,1000,1,4,3226,2020-05-20 00:02:52 UTC,58699,1954,482
sell,1000,1,4,3226,2020-05-19 23:13:25 UTC,58100,2040,506
sell,1000,1,4,3226,2020-05-19 22:28:13 UTC,57590,2111,517
sell,1000,1,4,3226,2020-05-19 21:23:42 UTC,58586,2023,493
sell,1000,1,4,3226,2020-05-19 20:43:57 UTC,58700,1946,478
sell,1000,1,4,3226,2020-05-19 19:51:48 UTC,56898,1991,494
sell,1000,1,4,3226,2020-05-19 18:53:40 UTC,58678,1977,487
sell,1000,1,4,3226,2020-05-19 18:04:09 UTC,58591,2071,508
sell,1000,1,4,3226,2020-05-19 17:15:56 UTC,58568,2166,529
sell,1000,1,4,3226,2020-05-19 16:17:29 UTC,58386,2093,515
sell,1000,1,4,3226,2020-05-19 15:33:05 UTC,58593,2074,504
sell,1000,1,4,3226,2020-05-19 14:43:20 UTC,58600,2006,495
sell,1000,1,4,3226,2020-05-19 13:44:24 UTC,58675,1962,486
sell,1000,1,4,3226,2020-05-19 12:57:07 UTC,54998,1835,462
sell,1000,1,4,3226,2020-05-19 12:10:49 UTC,58793,1812,457
sell,1000,1,4,3226,2020-05-19 11:03:42 UTC,58785,1783,447
sell,1000,1,4,3226,2020-05-19 10:23:36 UTC,58888,1789,456
sell,1000,1,4,3226,2020-05-19 09:29:31 UTC,53199,1791,454
sell,1000,1,4,3226,2020-05-19 08:30:09 UTC,59482,1710,429
sell,1000,1,4,3226,2020-05-19 07:45:51 UTC,59736,1691,421
sell,1000,1,4,3226,2020-05-19 06:59:34 UTC,59088,1629,412
sell,1000,1,4,3226,2020-05-19 05:53:43 UTC,59991,1760,413
sell,1000,1,4,3226,2020-05-19 05:14:55 UTC,58899,1749,421
sell,1000,1,4,3226,2020-05-19 04:25:16 UTC,59992,1702,416
sell,1000,1,4,3226,2020-05-19 03:28:09 UTC,59999,1576,393
sell,1000,1,4,3226,2020-05-19 02:39:45 UTC,59986,1685,419
sell,1000,1,4,3226,2020-05-19 01:55:53 UTC,58892,1700,437
sell,1000,1,4,3226,2020-05-19 00:47:51 UTC,58575,1866,475
sell,1000,1,4,3226,2020-05-19 00:05:21 UTC,58556,1860,472
sell,1000,1,4,3226,2020-05-18 23:17:18 UTC,58575,1824,467
sell,1000,1,4,3226,2020-05-18 22:17:21 UTC,58391,1885,488
sell,1000,1,4,3226,2020-05-18 21:29:28 UTC,58387,1983,503
sell,1000,1,4,3226,2020-05-18 20:44:36 UTC,57696,2044,517
sell,1000,1,4,3226,2020-05-18 19:37:43 UTC,57526,2008,510
sell,1000,1,4,3226,2020-05-18 18:57:50 UTC,58286,2033,513
sell,1000,1,4,3226,2020-05-18 18:06:35 UTC,58574,1846,475
sell,1000,1,4,3226,2020-05-18 17:07:48 UTC,58393,1955,494
sell,1000,1,4,3226,2020-05-18 16:18:47 UTC,58423,1971,490
sell,1000,1,4,3226,2020-05-18 15:33:35 UTC,57900,1937,480
sell,1000,1,4,3226,2020-05-18 14:37:12 UTC,58029,1944,484
sell,1000,1,4,3226,2020-05-18 13:56:19 UTC,58571,1882,472
sell,1000,1,4,3226,2020-05-18 13:06:16 UTC,58794,1763,445
sell,1000,1,4,3226,2020-05-18 12:05:45 UTC,53029,1712,439
sell,1000,1,4,3226,2020-05-18 11:17:00 UTC,59594,1654,417
sell,1000,1,4,3226,2020-05-18 10:30:57 UTC,59393,1680,425
sell,1000,1,4,3226,2020-05-18 09:25:40 UTC,57993,1745,435
sell,1000,1,4,3226,2020-05-18 08:45:39 UTC,57990,1757,443
sell,1000,1,4,3226,2020-05-18 07:54:34 UTC,57989,1773,440
sell,1000,1,4,3226,2020-05-18 06:56:26 UTC,55814,1793,452
sell,1000,1,4,3226,2020-05-18 06:13:59 UTC,57948,1772,439
sell,1000,1,4,3226,2020-05-18 05:29:19 UTC,57831,1742,442
sell,1000,1,4,3226,2020-05-18 04:25:43 UTC,57892,1740,437
sell,1000,1,4,3226,2020-05-18 03:46:50 UTC,57997,1683,414
sell,1000,1,4,3226,2020-05-18 02:53:51 UTC,59993,1721,421
sell,1000,1,4,3226,2020-05-18 01:57:35 UTC,59995,1673,422
sell,1000,1,4,3226,2020-05-18 01:10:04 UTC,60000,1611,408
sell,1000,1,4,3226,2020-05-18 00:25:16 UTC,60214,1586,403
sell,1000,1,4,3226,2020-05-17 23:16:58 UTC,59998,1702,406
sell,1000,1,4,3226,2020-05-17 22:34:40 UTC,59994,1737,420
sell,1000,1,4,3226,2020-05-17 21:47:00 UTC,59987,1766,429
sell,1000,1,4,3226,2020-05-17 20:48:50 UTC,55095,1898,476
sell,1000,1,4,3226,2020-05-17 20:01:39 UTC,57094,1861,479
sell,1000,1,4,3226,2020-05-17 19:15:20 UTC,55195,1894,481
sell,1000,1,4,3226,2020-05-17 18:09:19 UTC,57282,2067,511
sell,1000,1,4,3226,2020-05-17 17:26:58 UTC,57328,2136,527
sell,1000,1,4,3226,2020-05-17 16:33:02 UTC,57320,2171,536
sell,1000,1,4,3226,2020-05-17 15:34:48 UTC,57331,2069,514
sell,1000,1,4,3226,2020-05-17 14:47:42 UTC,57490,1962,492
sell,1000,1,4,3226,2020-05-17 14:01:29 UTC,57889,1969,479
sell,1000,1,4,3226,2020-05-17 13:05:39 UTC,56931,2021,484
sell,1000,1,4,3226,2020-05-17 12:26:45 UTC,52528,1890,476
sell,1000,1,4,3226,2020-05-17 11:35:17 UTC,57999,1860,461
sell,1000,1,4,3226,2020-05-17 10:37:28 UTC,58500,1852,442
sell,1000,1,4,3226,2020-05-17 09:48:37 UTC,59979,1805,438
sell,1000,1,4,3226,2020-05-17 09:04:26 UTC,58988,1847,459
sell,1000,1,4,3226,2020-05-17 07:58:09 UTC,58002,1800,440
sell,1000,1,4,3226,2020-05-17 07:17:31 UTC,59490,1798,439
sell,1000,1,4,3226,2020-05-17 06:25:21 UTC,59799,1908,463
sell,1000,1,4,3226,2020-05-17 05:24:57 UTC,59706,1881,460
sell,1000,1,4,3226,2020-05-17 04:40:51 UTC,59704,1874,452
sell,1000,1,4,3226,2020-05-17 03:57:32 UTC,57124,1998,491
sell,1000,1,4,3226,2020-05-17 02:52:50 UTC,57224,1988,487
sell,1000,1,4,3226,2020-05-17 02:15:21 UTC,57021,1986,490
sell,1000,1,4,3226,2020-05-17 01:24:26 UTC,56976,1984,470
sell,1000,1,4,3226,2020-05-17 00:27:20 UTC,59097,1961,480
sell,1000,1,4,3226,2020-05-16 23:36:43 UTC,59739,2073,487
sell,1000,1,4,3226,2020-05-16 22:51:52 UTC,59785,2060,487
sell,1000,1,4,3226,2020-05-16 21:43:23 UTC,59896,1974,477
sell,1000,1,4,3226,2020-05-16 20:59:58 UTC,59898,1974,476
sell,1000,1,4,3226,2020-05-16 20:13:03 UTC,59397,2001,483
sell,1000,1,4,3226,2020-05-16 19:13:02 UTC,58495,2177,505
sell,1000,1,4,3226,2020-05-16 18:26:27 UTC,57506,2205,513
sell,1000,1,4,3226,2020-05-16 17:38:55 UTC,57545,2218,513
sell,1000,1,4,3226,2020-05-16 16:32:45 UTC,58000,2230,507
sell,1000,1,4,3226,2020-05-16 15:52:37 UTC,57691,2314,529
sell,1000,1,4,3226,2020-05-16 14:58:54 UTC,57753,2254,512
sell,1000,1,4,3226,2020-05-16 13:59:39 UTC,57004,2143,496
sell,1000,1,4,3226,2020-05-16 13:08:49 UTC,58002,2189,491
sell,1000,1,4,3226,2020-05-16 12:23:17 UTC,58968,2002,490
sell,1000,1,4,3226,2020-05-16 11:27:03 UTC,52402,2078,502
sell,1000,1,4,3226,2020-05-16 10:48:31 UTC,57274,2109,497
sell,1000,1,4,3226,2020-05-16 09:57:23 UTC,53795,2133,501
sell,1000,1,4,3226,2020-05-16 08:59:54 UTC,52487,2234,540
sell,1000,1,4,3226,2020-05-16 08:11:42 UTC,51808,2236,536
sell,1000,1,4,3226,2020-05-16 07:26:12 UTC,52596,2146,523
sell,1000,1,4,3226,2020-05-16 06:18:45 UTC,53450,2226,529
sell,1000,1,4,3226,2020-05-16 05:35:41 UTC,53450,2177,522
sell,1000,1,4,3226,2020-05-16 04:44:30 UTC,54097,2052,491
sell,1000,1,4,3226,2020-05-16 03:43:49 UTC,57999,1975,472
sell,1000,1,4,3226,2020-05-16 02:58:26 UTC,58511,1967,465
sell,1000,1,4,3226,2020-05-16 02:15:02 UTC,59910,1965,462
sell,1000,1,4,3226,2020-05-16 01:10:11 UTC,59907,1927,454
sell,1000,1,4,3226,2020-05-16 00:30:41 UTC,59915,1898,448
sell,1000,1,4,3226,2020-05-15 23:37:04 UTC,59485,1939,465
sell,1000,1,4,3226,2020-05-15 22:40:19 UTC,58060,1991,487
sell,1000,1,4,3226,2020-05-15 21:53:11 UTC,55010,2117,519
sell,1000,1,4,3226,2020-05-15 21:09:48 UTC,58599,2205,544
sell,1000,1,4,3226,2020-05-15 19:59:40 UTC,58899,2111,521
sell,1000,1,4,3226,2020-05-15 19:16:33 UTC,57934,2138,532
sell,1000,1,4,3226,2020-05-15 18:31:05 UTC,57633,2151,527
sell,1000,1,4,3226,2020-05-15 17:29:18 UTC,58989,2101,509
sell,1000,1,4,3226,2020-05-15 16:40:50 UTC,58899,2076,507
sell,1000,1,4,3226,2020-05-15 15:53:46 UTC,57511,2032,498
sell,1000,1,4,3226,2020-05-15 14:47:25 UTC,58999,2012,489
sell,1000,1,4,3226,2020-05-15 14:06:30 UTC,57699,2025,487
sell,1000,1,4,3226,2020-05-15 13:14:24 UTC,56795,1987,491
sell,1000,1,4,3226,2020-05-15 12:15:15 UTC,56898,1974,479
sell,1000,1,4,3226,2020-05-15 11:25:57 UTC,59497,1873,450
sell,1000,1,4,3226,2020-05-15 10:41:28 UTC,59810,1906,466
sell,1000,1,4,3226,2020-05-15 09:45:55 UTC,57498,1978,486
sell,1000,1,4,3226,2020-05-15 09:07:20 UTC,55993,2049,507
sell,1000,1,4,3226,2020-05-15 08:16:03 UTC,55526,2010,502
sell,1000,1,4,3226,2020-05-15 07:18:14 UTC,57494,1950,473
sell,1000,1,4,3226,2020-05-15 06:30:38 UTC,56697,2017,482
sell,1000,1,4,3226,2020-05-15 05:44:53 UTC,56448,2034,482
sell,1000,1,4,3226,2020-05-15 04:38:14 UTC,56448,2041,481
sell,1000,1,4,3226,2020-05-15 03:57:08 UTC,56700,1949,464
sell,1000,1,4,3226,2020-05-15 03:02:34 UTC,59296,1951,493
sell,1000,1,4,3226,2020-05-15 02:00:59 UTC,57498,1956,490
sell,1000,1,4,3226,2020-05-15 01:15:47 UTC,59794,1896,462
sell,1000,1,4,3226,2020-05-15 00:29:36 UTC,59709,1891,457
sell,1000,1,4,3226,2020-05-14 23:25:51 UTC,58900,1942,465
sell,1000,1,4,3226,2020-05-14 22:46:15 UTC,59916,1851,442
sell,1000,1,4,3226,2020-05-14 21:51:56 UTC,59815,1868,443
sell,1000,1,4,3226,2020-05-14 20:52:10 UTC,58527,1894,461
sell,1000,1,4,3226,2020-05-14 20:03:32 UTC,59900,1837,448
sell,1000,1,4,3226,2020-05-14 19:18:33 UTC,59896,1860,456
sell,1000,1,4,3226,2020-05-14 18:10:04 UTC,59887,1967,460
sell,1000,1,4,3226,2020-05-14 17:24:43 UTC,59885,1933,461
sell,1000,1,4,3226,2020-05-14 16:39:45 UTC,59499,1874,450
sell,1000,1,4,3226,2020-05-14 15:43:01 UTC,59990,1719,411
sell,1000,1,4,3226,2020-05-14 14:55:02 UTC,59075,1836,425
sell,1000,1,4,3226,2020-05-14 14:11:15 UTC,59078,1840,424
sell,1000,1,4,3226,2020-05-14 13:04:00 UTC,59994,1674,403
sell,1000,1,4,3226,2020-05-14 12:22:43 UTC,59996,1652,400
sell,1000,1,4,3226,2020-05-14 11:30:19 UTC,59997,1643,397
sell,1000,1,4,3226,2020-05-14 10:30:53 UTC,59981,1752,423
sell,1000,1,4,3226,2020-05-14 09:43:07 UTC,59989,1699,404
sell,1000,1,4,3226,2020-05-14 08:57:32 UTC,59996,1690,401
sell,1000,1,4,3226,2020-05-14 08:01:35 UTC,59993,1756,410
sell,1000,1,4,3226,2020-05-14 07:23:14 UTC,58999,1757,414
sell,1000,1,4,3226,2020-05-14 06:32:53 UTC,59993,1771,407
sell,1000,1,4,3226,2020-05-14 05:35:34 UTC,59816,1787,413
sell,1000,1,4,3226,2020-05-14 04:47:26 UTC,59991,1787,414
sell,1000,1,4,3226,2020-05-14 04:03:10 UTC,59599,1847,419
sell,1000,1,4,3226,2020-05-14 02:54:29 UTC,59516,1779,406
sell,1000,1,4,3226,2020-05-14 02:12:56 UTC,59986,1790,410
sell,1000,1,4,3226,2020-05-14 01:18:34 UTC,59813,1840,423
sell,1000,1,4,3226,2020-05-14 00:18:50 UTC,59000,1782,413
sell,1000,1,4,3226,2020-05-13 23:33:07 UTC,59996,1729,401
sell,1000,1,4,3226,2020-05-13 22:46:59 UTC,60000,1678,396
sell,1000,1,4,3226,2020-05-13 21:40:13 UTC,59990,1746,406
sell,1000,1,4,3226,2020-05-13 20:58:42 UTC,59597,1750,415
sell,1000,1,4,3226,2020-05-13 20:06:30 UTC,59009,1736,413
sell,1000,1,4,3226,2020-05-13 19:06:16 UTC,58058,1865,473
sell,1000,1,4,3226,2020-05-13 18:15:15 UTC,58061,1899,474
sell,1000,1,4,3226,2020-05-13 17:31:25 UTC,58170,1831,462
sell,1000,1,4,3226,2020-05-13 16:24:39 UTC,57021,1833,455
sell,1000,1,4,3226,2020-05-13 15:40:33 UTC,58263,1794,452
sell,1000,1,4,3226,2020-05-13 14:54:36 UTC,58270,1782,447
sell,1000,1,4,3226,2020-05-13 13:56:34 UTC,57994,1824,466
sell,1000,1,4,3226,2020-05-13 13:07:55 UTC,58098,1806,453
sell,1000,1,4,3226,2020-05-13 12:23:22 UTC,58098,1807,450
sell,1000,1,4,3226,2020-05-13 11:15:37 UTC,55018,1812,441
sell,1000,1,4,3226,2020-05-13 10:34:45 UTC,57006,1827,460
sell,1000,1,4,3226,2020-05-13 09:42:05 UTC,57216,1794,442
sell,1000,1,4,3226,2020-05-13 08:42:23 UTC,58000,1751,438
sell,1000,1,4,3226,2020-05-13 07:53:18 UTC,59494,1690,404
sell,1000,1,4,3226,2020-05-13 07:10:04 UTC,58896,1707,407
sell,1000,1,4,3226,2020-05-13 06:13:43 UTC,56019,1731,402
sell,1000,1,4,3226,2020-05-13 05:32:07 UTC,59798,1701,404
sell,1000,1,4,3226,2020-05-13 04:39:15 UTC,59849,1671,400
sell,1000,1,4,3226,2020-05-13 03:41:46 UTC,58783,1737,424
sell,1000,1,4,3226,2020-05-13 02:54:25 UTC,59846,1646,403
sell,1000,1,4,3226,2020-05-13 02:10:02 UTC,59996,1703,399
sell,1000,1,4,3226,2020-05-13 01:00:00 UTC,59985,1799,414
sell,1000,1,4,3226,2020-05-13 00:17:32 UTC,59208,1920,434
sell,1000,1,4,3226,2020-05-12 23:21:16 UTC,59013,1940,429
sell,1000,1,4,3226,2020-05-12 22:21:38 UTC,59940,1761,415
sell,1000,1,4,3226,2020-05-12 21:36:37 UTC,58991,1904,439
sell,1000,1,4,3226,2020-05-12 20:51:25 UTC,58800,1901,442
sell,1000,1,4,3226,2020-05-12 19:44:35 UTC,57499,1771,414
sell,1000,1,4,3226,2020-05-12 19:03:01 UTC,59993,1685,391
sell,1000,1,4,3226,2020-05-12 18:10:30 UTC,56939,1728,411
sell,1000,1,4,3226,2020-05-12 17:08:13 UTC,58995,1698,401
sell,1000,1,4,3226,2020-05-12 15:54:03 UTC,59994,1704,393
sell,1000,1,4,3226,2020-05-12 15:10:34 UTC,59998,1644,386
sell,1000,1,4,3226,2020-05-12 14:03:00 UTC,59889,1729,396
sell,1000,1,4,3226,2020-05-12 13:19:08 UTC,59978,1769,406
sell,1000,1,4,3226,2020-05-12 12:32:58 UTC,59994,1783,405
sell,1000,1,4,3226,2020-05-12 11:34:39 UTC,59993,1783,403
sell,1000,1,4,3226,2020-05-12 10:46:17 UTC,57917,1771,403
sell,1000,1,4,3226,2020-05-12 10:02:36 UTC,57095,1774,406
sell,1000,1,4,3226,2020-05-12 08:54:29 UTC,59985,1803,407
sell,1000,1,4,3226,2020-05-12 08:13:06 UTC,59989,1799,404
sell,1000,1,4,3226,2020-05-12 07:18:09 UTC,59820,1834,419
sell,1000,1,4,3226,2020-05-12 06:19:14 UTC,59000,1838,419
sell,1000,1,4,3226,2020-05-12 05:28:42 UTC,59825,1826,415
sell,1000,1,4,3226,2020-05-12 04:45:18 UTC,58396,1801,416
sell,1000,1,4,3226,2020-05-12 03:47:37 UTC,59925,1882,414
sell,1000,1,4,3226,2020-05-12 03:07:50 UTC,59714,1891,421
sell,1000,1,4,3226,2020-05-12 02:14:17 UTC,58921,1960,435
sell,1000,1,4,3226,2020-05-12 01:16:11 UTC,59819,1935,426
sell,1000,1,4,3226,2020-05-12 00:26:21 UTC,58995,1946,429
sell,1000,1,4,3226,2020-05-11 23:41:29 UTC,58998,1969,436
sell,1000,1,4,3226,2020-05-11 22:34:53 UTC,58070,2052,462
sell,1000,1,4,3226,2020-05-11 21:52:55 UTC,58070,2057,460
sell,1000,1,4,3226,2020-05-11 21:01:05 UTC,58071,2052,459
sell,1000,1,4,3226,2020-05-11 20:02:59 UTC,58060,2075,470
sell,1000,1,4,3226,2020-05-11 19:20:58 UTC,58059,2089,475
sell,1000,1,4,3226,2020-05-11 18:37:08 UTC,58058,2131,479
sell,1000,1,4,3226,2020-05-11 17:29:16 UTC,58059,2088,472
sell,1000,1,4,3226,2020-05-11 16:49:08 UTC,57970,2050,463
sell,1000,1,4,3226,2020-05-11 15:58:39 UTC,57897,2050,463
sell,1000,1,4,3226,2020-05-11 14:59:32 UTC,57714,2100,472
sell,1000,1,4,3226,2020-05-11 14:10:07 UTC,57710,2139,473
sell,1000,1,4,3226,2020-05-11 13:27:37 UTC,57512,2148,473
sell,1000,1,4,3226,2020-05-11 12:20:41 UTC,57897,2054,465
sell,1000,1,4,3226,2020-05-11 11:36:09 UTC,57898,2045,463
sell,1000,1,4,3226,2020-05-11 10:51:18 UTC,57167,2061,468
sell,1000,1,4,3226,2020-05-11 09:55:14 UTC,57196,2054,477
sell,1000,1,4,3226,2020-05-11 09:07:40 UTC,57212,2081,479
sell,1000,1,4,3226,2020-05-11 08:24:29 UTC,58076,2026,456
sell,1000,1,4,3226,2020-05-11 07:16:27 UTC,57399,2016,455
sell,1000,1,4,3226,2020-05-11 06:34:52 UTC,58997,1936,426
sell,1000,1,4,3226,2020-05-11 05:39:34 UTC,58921,1933,421
sell,1000,1,4,3226,2020-05-11 04:41:09 UTC,59690,2024,419
sell,1000,1,4,3226,2020-05-11 03:50:47 UTC,59881,2139,420
sell,1000,1,4,3226,2020-05-11 03:07:19 UTC,59875,2217,431
sell,1000,1,4,3226,2020-05-11 02:09:48 UTC,59876,2211,427
sell,1000,1,4,3226,2020-05-11 01:30:11 UTC,59855,2274,438
sell,1000,1,4,3226,2020-05-11 00:38:46 UTC,59388,2328,446
sell,1000,1,4,3226,2020-05-10 23:38:32 UTC,59199,2393,457
sell,1000,1,4,3226,2020-05-10 23:00:00 UTC,58066,2265,440
sell,1000,1,4,3226,2020-05-10 21:00:00 UTC,59692,2289,440
sell,1000,1,4,3226,2020-05-10 19:23:39 UTC,58993,2318,439
sell,1000,1,4,3226,2020-05-10 18:23:47 UTC,58471,2359,452
sell,1000,1,4,3226,2020-05-10 17:38:27 UTC,58490,2343,451
sell,1000,1,4,3226,2020-05-10 16:52:48 UTC,58175,2433,477
sell,1000,1,4,3226,2020-05-10 16:00:00 UTC,56777,2459,475
sell,1000,1,4,3226,2020-05-10 14:08:09 UTC,58416,2389,479
sell,1000,1,4,3226,2020-05-10 13:07:14 UTC,57590,2414,488
sell,1000,1,4,3226,2020-05-10 12:18:17 UTC,57699,2484,496
sell,1000,1,4,3226,2020-05-10 11:36:54 UTC,57391,2510,510
sell,1000,1,4,3226,2020-05-10 10:27:49 UTC,57098,2559,510
sell,1000,1,4,3226,2020-05-10 09:47:12 UTC,57492,2541,501
sell,1000,1,4,3226,2020-05-10 09:00:00 UTC,58484,2373,469
sell,1000,1,4,3226,2020-05-10 07:11:47 UTC,58392,2341,473
sell,1000,1,4,3226,2020-05-10 06:26:45 UTC,58331,2366,490
sell,1000,1,4,3226,2020-05-10 05:18:49 UTC,58300,2363,486
sell,1000,1,4,3226,2020-05-10 04:37:13 UTC,58343,2351,480
sell,1000,1,4,3226,2020-05-10 03:45:40 UTC,58347,2334,470
sell,1000,1,4,3226,2020-05-10 02:46:48 UTC,57517,2386,481
sell,1000,1,4,3226,2020-05-10 02:00:00 UTC,58032,2332,467
sell,1000,1,4,3226,2020-05-10 00:15:24 UTC,57894,2266,441
sell,1000,1,4,3226,2020-05-09 23:34:38 UTC,58997,2204,427
sell,1000,1,4,3226,2020-05-09 22:42:00 UTC,59196,2257,431
sell,1000,1,4,3226,2020-05-09 21:42:40 UTC,59874,2200,426
sell,1000,1,4,3226,2020-05-09 21:00:00 UTC,58459,2308,448
sell,1000,1,4,3226,2020-05-09 19:02:39 UTC,58526,2296,448
sell,1000,1,4,3226,2020-05-09 18:20:29 UTC,58526,2275,443
sell,1000,1,4,3226,2020-05-09 17:29:16 UTC,58000,2288,440
sell,1000,1,4,3226,2020-05-09 16:28:49 UTC,58419,2326,449
sell,1000,1,4,3226,2020-05-09 16:00:00 UTC,58411,2370,462
sell,1000,1,4,3226,2020-05-09 14:00:00 UTC,58011,2412,474
sell,1000,1,4,3226,2020-05-09 12:15:20 UTC,58019,2431,481
sell,1000,1,4,3226,2020-05-09 11:17:09 UTC,58405,2402,466
sell,1000,1,4,3226,2020-05-09 10:26:23 UTC,58400,2345,460
sell,1000,1,4,3226,2020-05-09 09:46:19 UTC,58410,2347,455
sell,1000,1,4,3226,2020-05-09 08:37:18 UTC,58409,2338,456
sell,1000,1,4,3226,2020-05-09 08:00:00 UTC,57903,2332,461
sell,1000,1,4,3226,2020-05-09 06:12:04 UTC,57497,2335,454
sell,1000,1,4,3226,2020-05-09 05:22:29 UTC,56700,2370,460
sell,1000,1,4,3226,2020-05-09 04:39:04 UTC,56969,2310,455
sell,1000,1,4,3226,2020-05-09 03:33:40 UTC,58329,2331,456
sell,1000,1,4,3226,2020-05-09 02:50:10 UTC,58190,2348,459
sell,1000,1,4,3226,2020-05-09 02:00:00 UTC,58473,2269,439
sell,1000,1,4,3226,2020-05-09 00:11:25 UTC,55232,2232,432
sell,1000,1,4,3226,2020-05-08 23:28:35 UTC,59780,2220,422
sell,1000,1,4,3226,2020-05-08 22:31:24 UTC,59568,2261,435
sell,1000,1,4,3226,2020-05-08 21:50:55 UTC,58984,2318,455
sell,1000,1,4,3226,2020-05-08 20:57:56 UTC,58982,2332,454
sell,1000,1,4,3226,2020-05-08 20:00:00 UTC,59402,2343,457
sell,1000,1,4,3226,2020-05-08 18:29:50 UTC,58898,2443,466
sell,1000,1,4,3226,2020-05-08 17:22:47 UTC,59850,2361,450
sell,1000,1,4,3226,2020-05-08 16:40:47 UTC,58896,2367,446
sell,1000,1,4,3226,2020-05-08 15:49:25 UTC,58388,2406,474
sell,1000,1,4,3226,2020-05-08 15:00:00 UTC,59776,2281,444
sell,1000,1,4,3226,2020-05-08 13:25:37 UTC,58495,2321,461
sell,1000,1,4,3226,2020-05-08 12:17:36 UTC,59858,2285,450
sell,1000,1,4,3226,2020-05-08 11:34:38 UTC,59847,2344,465
sell,1000,1,4,3226,2020-05-08 10:39:50 UTC,59848,2353,470
sell,1000,1,4,3226,2020-05-08 09:42:52 UTC,58893,2400,473
sell,1000,1,4,3226,2020-05-08 09:00:00 UTC,59705,2243,444
sell,1000,1,4,3226,2020-05-08 07:04:13 UTC,58001,2107,445
sell,1000,1,4,3226,2020-05-08 06:26:22 UTC,59850,2200,456
sell,1000,1,4,3226,2020-05-08 05:39:30 UTC,59753,2137,446
sell,1000,1,4,3226,2020-05-08 04:41:39 UTC,58395,2168,461
sell,1000,1,4,3226,2020-05-08 04:00:00 UTC,58837,2189,466
sell,1000,1,4,3226,2020-05-08 02:03:54 UTC,58885,2191,469
sell,1000,1,4,3226,2020-05-08 01:22:35 UTC,59700,2143,446
sell,1000,1,4,3226,2020-05-08 00:32:49 UTC,59852,2168,455
sell,1000,1,4,3226,2020-05-07 23:35:03 UTC,59294,2317,487
sell,1000,1,4,3226,2020-05-07 23:00:00 UTC,58640,2418,507
sell,1000,1,4,3226,2020-05-07 21:05:49 UTC,59293,2357,491
sell,1000,1,4,3226,2020-05-07 20:23:56 UTC,58586,2351,493
sell,1000,1,4,3226,2020-05-07 19:29:03 UTC,59189,2340,492
sell,1000,1,4,3226,2020-05-07 18:29:23 UTC,58796,2392,517
sell,1000,1,4,3226,2020-05-07 18:00:00 UTC,57295,2510,551
sell,1000,1,4,3226,2020-05-07 16:00:00 UTC,58797,2451,533
sell,1000,1,4,3226,2020-05-07 14:24:01 UTC,58877,2437,530
sell,1000,1,4,3226,2020-05-07 13:24:36 UTC,57498,2261,534
sell,1000,1,4,3226,2020-05-07 12:42:25 UTC,56688,2194,520
sell,1000,1,4,3226,2020-05-07 11:58:35 UTC,58892,2166,512
sell,1000,1,4,3226,2020-05-07 11:00:00 UTC,57445,2163,503
sell,1000,1,4,3226,2020-05-07 09:16:22 UTC,59387,2102,479
sell,1000,1,4,3226,2020-05-07 08:19:36 UTC,59398,2011,455
sell,1000,1,4,3226,2020-05-07 07:29:41 UTC,59857,1975,441
sell,1000,1,4,3226,2020-05-07 06:49:36 UTC,59856,2013,440
sell,1000,1,4,3226,2020-05-07 06:00:00 UTC,59423,2148,450
sell,1000,1,4,3226,2020-05-07 04:16:09 UTC,59854,2158,449
sell,1000,1,4,3226,2020-05-07 03:18:31 UTC,59796,2202,461
sell,1000,1,4,3226,2020-05-07 02:28:31 UTC,59448,2257,481
sell,1000,1,4,3226,2020-05-07 01:46:47 UTC,59748,2248,467
sell,1000,1,4,3226,2020-05-07 00:40:31 UTC,58994,2352,505
sell,1000,1,4,3226,2020-05-07 00:00:00 UTC,58299,2446,517
sell,1000,1,4,3226,2020-05-06 22:11:49 UTC,58436,2567,542
sell,1000,1,4,3226,2020-05-06 21:25:18 UTC,58399,2494,526
sell,1000,1,4,3226,2020-05-06 20:39:49 UTC,58676,2465,522
sell,1000,1,4,3226,2020-05-06 19:39:32 UTC,58582,2480,522
sell,1000,1,4,3226,2020-05-06 19:00:00 UTC,57893,2586,544
sell,1000,1,4,3226,2020-05-06 17:05:10 UTC,57993,2555,534
sell,1000,1,4,3226,2020-05-06 16:15:24 UTC,58691,2501,516
sell,1000,1,4,3226,2020-05-06 15:35:10 UTC,58085,2422,504
sell,1000,1,4,3226,2020-05-06 14:26:46 UTC,59739,2306,483
sell,1000,1,4,3226,2020-05-06 13:48:27 UTC,57040,2455,539
sell,1000,1,4,3226,2020-05-06 12:59:10 UTC,57360,2436,536
sell,1000,1,4,3226,2020-05-06 12:00:00 UTC,57410,2454,536
sell,1000,1,4,3226,2020-05-06 10:31:53 UTC,57200,2465,532
sell,1000,1,4,3226,2020-05-06 09:25:14 UTC,56700,2532,565
sell,1000,1,4,3226,2020-05-06 08:43:34 UTC,57168,2444,539
sell,1000,1,4,3226,2020-05-06 07:52:04 UTC,57584,2399,519
sell,1000,1,4,3226,2020-05-06 07:00:00 UTC,57259,2484,543
sell,1000,1,4,3226,2020-05-06 05:24:27 UTC,57699,2403,525
sell,1000,1,4,3226,2020-05-06 04:14:59 UTC,58993,2334,501
sell,1000,1,4,3226,2020-05-06 03:37:25 UTC,59297,2351,497
sell,1000,1,4,3226,2020-05-06 02:49:14 UTC,59070,2343,495
sell,1000,1,4,3226,2020-05-06 02:00:00 UTC,58897,2351,484
sell,1000,1,4,3226,2020-05-06 00:22:46 UTC,58510,2458,503
sell,1000,1,4,3226,2020-05-05 23:15:10 UTC,58508,2461,511
sell,1000,1,4,3226,2020-05-05 22:34:55 UTC,57298,2510,525
sell,1000,1,4,3226,2020-05-05 21:44:54 UTC,57335,2526,525
sell,1000,1,4,3226,2020-05-05 20:46:28 UTC,56796,2623,548
sell,1000,1,4,3226,2020-05-05 20:00:00 UTC,57146,2608,539
sell,1000,1,4,3226,2020-05-05 18:13:55 UTC,57480,2713,566
sell,1000,1,4,3226,2020-05-05 17:32:36 UTC,57484,2711,564
sell,1000,1,4,3226,2020-05-05 16:40:22 UTC,57495,2650,542
sell,1000,1,4,3226,2020-05-05 15:30:33 UTC,57508,2557,523
sell,1000,1,4,3226,2020-05-05 14:40:11 UTC,58000,2475,507
sell,1000,1,4,3226,2020-05-05 13:59:06 UTC,58514,2365,494
sell,1000,1,4,3226,2020-05-05 13:00:00 UTC,56277,2442,515
sell,1000,1,4,3226,2020-05-05 11:22:48 UTC,58143,2473,524
sell,1000,1,4,3226,2020-05-05 10:26:23 UTC,57817,2527,537
sell,1000,1,4,3226,2020-05-05 10:00:00 UTC,57802,2588,551
sell,1000,1,4,3226,2020-05-05 08:00:00 UTC,56087,2601,580
sell,1000,1,4,3226,2020-05-05 06:22:50 UTC,54474,2663,593
sell,1000,1,4,3226,2020-05-05 05:26:20 UTC,55893,2576,574
sell,1000,1,4,3226,2020-05-05 04:37:50 UTC,55780,2681,595
sell,1000,1,4,3226,2020-05-05 03:54:50 UTC,55775,2762,603
sell,1000,1,4,3226,2020-05-05 03:00:00 UTC,55166,2792,618
sell,1000,1,4,3226,2020-05-05 01:19:48 UTC,55776,2773,608
sell,1000,1,4,3226,2020-05-05 00:20:17 UTC,52312,2798,626
sell,1000,1,4,3226,2020-05-04 23:32:52 UTC,55772,2803,623
sell,1000,1,4,3226,2020-05-04 22:51:28 UTC,54009,2810,628
sell,1000,1,4,3226,2020-05-04 22:00:00 UTC,54791,2865,639
sell,1000,1,4,3226,2020-05-04 20:11:55 UTC,54797,2806,623
sell,1000,1,4,3226,2020-05-04 19:13:36 UTC,54608,2796,620
sell,1000,1,4,3226,2020-05-04 18:24:51 UTC,55771,2759,618
sell,1000,1,4,3226,2020-05-04 17:40:25 UTC,55553,2743,607
sell,1000,1,4,3226,2020-05-04 17:00:00 UTC,55714,2812,617
sell,1000,1,4,3226,2020-05-04 15:06:00 UTC,55663,2763,609
sell,1000,1,4,3226,2020-05-04 14:07:16 UTC,55070,2806,615
sell,1000,1,4,3226,2020-05-04 13:17:48 UTC,55779,2713,597
sell,1000,1,4,3226,2020-05-04 12:35:31 UTC,55276,2691,605
sell,1000,1,4,3226,2020-05-04 11:27:34 UTC,55700,2620,595
sell,1000,1,4,3226,2020-05-04 10:46:08 UTC,55783,2655,597
sell,1000,1,4,3226,2020-05-04 09:56:13 UTC,51620,2682,604
sell,1000,1,4,3226,2020-05-04 09:00:00 UTC,55787,2614,585
sell,1000,1,4,3226,2020-05-04 07:31:39 UTC,55877,2603,579
sell,1000,1,4,3226,2020-05-04 06:25:16 UTC,57803,2589,566
sell,1000,1,4,3226,2020-05-04 05:44:28 UTC,57909,2519,544
sell,1000,1,4,3226,2020-05-04 04:53:13 UTC,57919,2561,546
sell,1000,1,4,3226,2020-05-04 04:00:00 UTC,57814,2582,548
sell,1000,1,4,3226,2020-05-04 02:25:44 UTC,57811,2617,554
sell,1000,1,4,3226,2020-05-04 01:19:21 UTC,54550,2605,544
sell,1000,1,4,3226,2020-05-04 00:36:10 UTC,55554,2637,542
sell,1000,1,4,3226,2020-05-03 23:49:17 UTC,58156,2459,519
sell,1000,1,4,3226,2020-05-03 23:00:00 UTC,58346,2574,533
sell,1000,1,4,3226,2020-05-03 21:19:57 UTC,58341,2621,538
sell,1000,1,4,3226,2020-05-03 20:13:10 UTC,57939,2627,547
sell,1000,1,4,3226,2020-05-03 19:32:51 UTC,58041,2602,541
sell,1000,1,4,3226,2020-05-03 18:42:04 UTC,56575,2535,537
sell,1000,1,4,3226,2020-05-03 17:41:52 UTC,56058,2454,529
sell,1000,1,4,3226,2020-05-03 17:00:00 UTC,55975,2463,524
sell,1000,1,4,3226,2020-05-03 15:13:33 UTC,53817,2403,518
sell,1000,1,4,3226,2020-05-03 14:35:23 UTC,54023,2438,513
sell,1000,1,4,3226,2020-05-03 13:43:48 UTC,54888,2426,514
sell,1000,1,4,3226,2020-05-03 12:46:20 UTC,58509,2320,494
sell,1000,1,4,3226,2020-05-03 12:00:00 UTC,57609,2395,511
sell,1000,1,4,3226,2020-05-03 10:06:08 UTC,57790,2306,491
sell,1000,1,4,3226,2020-05-03 09:25:32 UTC,58292,2343,509
sell,1000,1,4,3226,2020-05-03 08:34:09 UTC,56516,2267,503
sell,1000,1,4,3226,2020-05-03 07:34:52 UTC,55000,2243,485
sell,1000,1,4,3226,2020-05-03 07:00:00 UTC,58253,2258,484
sell,1000,1,4,3226,2020-05-03 05:00:00 UTC,58293,2207,485
sell,1000,1,4,3226,2020-05-03 03:30:26 UTC,58488,2246,495
sell,1000,1,4,3226,2020-05-03 02:33:38 UTC,58499,2198,477
sell,1000,1,4,3226,2020-05-03 02:00:00 UTC,58198,2190,473
sell,1000,1,4,3226,2020-05-03 00:00:00 UTC,59424,2179,466
sell,1000,1,4,3226,2020-05-02 22:26:34 UTC,58997,2178,465
sell,1000,1,4,3226,2020-05-02 21:30:00 UTC,55912,2157,455
sell,1000,1,4,3226,2020-05-02 21:00:00 UTC,59804,2051,454
sell,1000,1,4,3226,2020-05-02 19:00:00 UTC,59250,2065,460
sell,1000,1,4,3226,2020-05-02 17:29:28 UTC,57254,1962,454
sell,1000,1,4,3226,2020-05-02 16:32:43 UTC,58655,2060,476
sell,1000,1,4,3226,2020-05-02 16:00:00 UTC,58399,2169,505
sell,1000,1,4,3226,2020-05-02 14:07:31 UTC,58016,2199,521
sell,1000,1,4,3226,2020-05-02 13:29:16 UTC,58873,2061,480
sell,1000,1,4,3226,2020-05-02 12:41:03 UTC,58864,2175,484
sell,1000,1,4,3226,2020-05-02 11:42:20 UTC,58869,2145,477
sell,1000,1,4,3226,2020-05-02 11:00:00 UTC,59124,1999,458
sell,1000,1,4,3226,2020-05-02 09:06:32 UTC,59855,1880,442
sell,1000,1,4,3226,2020-05-02 08:28:26 UTC,59556,1897,451
sell,1000,1,4,3226,2020-05-02 07:38:51 UTC,59557,1891,450
sell,1000,1,4,3226,2020-05-02 06:41:22 UTC,58080,2005,474
sell,1000,1,4,3226,2020-05-02 06:00:00 UTC,57983,2042,485
sell,1000,1,4,3226,2020-05-02 04:09:27 UTC,56879,2074,485
sell,1000,1,4,3226,2020-05-02 03:32:14 UTC,58090,2030,476
sell,1000,1,4,3226,2020-05-02 02:42:26 UTC,58086,1989,475
sell,1000,1,4,3226,2020-05-02 01:44:57 UTC,58788,1961,459
sell,1000,1,4,3226,2020-05-02 01:00:00 UTC,57431,1908,435
sell,1000,1,4,3226,2020-05-01 23:06:57 UTC,59859,1871,429
sell,1000,1,4,3226,2020-05-01 22:26:54 UTC,58000,1824,433
sell,1000,1,4,3226,2020-05-01 21:39:32 UTC,59393,1886,455
sell,1000,1,4,3226,2020-05-01 20:42:18 UTC,59391,1971,469
sell,1000,1,4,3226,2020-05-01 20:00:00 UTC,59085,2011,476
sell,1000,1,4,3226,2020-05-01 18:03:17 UTC,59087,2066,477
sell,1000,1,4,3226,2020-05-01 17:24:40 UTC,57500,2093,489
sell,1000,1,4,3226,2020-05-01 16:35:47 UTC,55998,2135,491
sell,1000,1,4,3226,2020-05-01 15:32:47 UTC,58978,2109,491
sell,1000,1,4,3226,2020-05-01 14:45:52 UTC,59081,2092,487
sell,1000,1,4,3226,2020-05-01 13:59:11 UTC,56050,2162,489
sell,1000,1,4,3226,2020-05-01 13:00:00 UTC,55389,2077,489
sell,1000,1,4,3226,2020-05-01 11:26:24 UTC,53380,2211,516
sell,1000,1,4,3226,2020-05-01 10:29:24 UTC,53690,2177,507
sell,1000,1,4,3226,2020-05-01 09:41:24 UTC,53000,2207,505
sell,1000,1,4,3226,2020-05-01 08:59:13 UTC,51999,2202,516
sell,1000,1,4,3226,2020-05-01 08:00:00 UTC,53249,2171,502
sell,1000,1,4,3226,2020-05-01 06:25:27 UTC,53485,2157,503
sell,1000,1,4,3226,2020-05-01 05:27:38 UTC,53486,2093,500
sell,1000,1,4,3226,2020-05-01 05:00:00 UTC,52990,2101,503
sell,1000,1,4,3226,2020-05-01 03:00:00 UTC,53584,2035,492
sell,1000,1,4,3226,2020-05-01 01:20:59 UTC,57999,1870,455
sell,1000,1,4,3226,2020-05-01 00:24:14 UTC,52104,1911,478
sell,1000,1,4,3226,2020-04-30 23:37:05 UTC,59398,1881,461
sell,1000,1,4,3226,2020-04-30 22:55:42 UTC,58389,2004,476
sell,1000,1,4,3226,2020-04-30 22:00:00 UTC,59085,2104,481
sell,1000,1,4,3226,2020-04-30 20:19:20 UTC,59178,1996,467
sell,1000,1,4,3226,2020-04-30 19:19:39 UTC,55000,1917,451
sell,1000,1,4,3226,2020-04-30 18:29:37 UTC,58975,1870,440
sell,1000,1,4,3226,2020-04-30 17:45:36 UTC,59043,1873,446
sell,1000,1,4,3226,2020-04-30 16:37:37 UTC,58899,1917,461
sell,1000,1,4,3226,2020-04-30 16:00:00 UTC,58223,2002,493
sell,1000,1,4,3226,2020-04-30 14:06:54 UTC,57497,2093,508
sell,1000,1,4,3226,2020-04-30 13:17:55 UTC,57990,2095,499
sell,1000,1,4,3226,2020-04-30 12:34:56 UTC,56207,2104,500
sell,1000,1,4,3226,2020-04-30 11:37:31 UTC,56695,2170,524
sell,1000,1,4,3226,2020-04-30 11:00:00 UTC,56947,2163,519
sell,1000,1,4,3226,2020-04-30 09:08:06 UTC,56695,2134,514
sell,1000,1,4,3226,2020-04-30 08:20:24 UTC,57996,2043,492
sell,1000,1,4,3226,2020-04-30 07:36:05 UTC,58058,2004,483
sell,1000,1,4,3226,2020-04-30 06:29:35 UTC,56595,2045,520
sell,1000,1,4,3226,2020-04-30 05:47:33 UTC,57977,2052,519
sell,1000,1,4,3226,2020-04-30 04:56:24 UTC,57961,2045,525
sell,1000,1,4,3226,2020-04-30 04:00:00 UTC,57797,2084,533
sell,1000,1,4,3226,2020-04-30 02:30:52 UTC,57500,2091,532
sell,1000,1,4,3226,2020-04-30 01:23:57 UTC,56895,2103,534
sell,1000,1,4,3226,2020-04-30 00:43:19 UTC,57000,2115,529
sell,1000,1,4,3226,2020-04-29 23:49:57 UTC,57394,2177,539
sell,1000,1,4,3226,2020-04-29 23:00:00 UTC,56949,2435,575
sell,1000,1,4,3226,2020-04-29 21:18:22 UTC,56499,2473,579
sell,1000,1,4,3226,2020-04-29 20:11:53 UTC,51999,2500,572
sell,1000,1,4,3226,2020-04-29 19:26:20 UTC,56578,2648,610
sell,1000,1,4,3226,2020-04-29 18:40:55 UTC,56894,2538,595
sell,1000,1,4,3226,2020-04-29 17:42:31 UTC,56990,2549,590
sell,1000,1,4,3226,2020-04-29 17:00:00 UTC,56499,2574,586
sell,1000,1,4,3226,2020-04-29 15:03:39 UTC,56800,2592,578
sell,1000,1,4,3226,2020-04-29 14:23:37 UTC,56800,2584,578
sell,1000,1,4,3226,2020-04-29 13:32:16 UTC,57185,2528,574
sell,1000,1,4,3226,2020-04-29 12:32:55 UTC,49851,2446,562
sell,1000,1,4,3226,2020-04-29 11:41:53 UTC,57210,2341,561
sell,1000,1,4,3226,2020-04-29 11:00:00 UTC,56951,2406,580
sell,1000,1,4,3226,2020-04-29 09:24:38 UTC,55897,2461,604
sell,1000,1,4,3226,2020-04-29 08:35:31 UTC,54038,2518,630
sell,1000,1,4,3226,2020-04-29 07:39:23 UTC,54040,2530,622
sell,1000,1,4,3226,2020-04-29 07:00:00 UTC,52026,2507,617
sell,1000,1,4,3226,2020-04-29 05:03:24 UTC,56691,2479,599
sell,1000,1,4,3226,2020-04-29 04:23:03 UTC,54536,2466,609
sell,1000,1,4,3226,2020-04-29 03:31:31 UTC,52940,2512,619
sell,1000,1,4,3226,2020-04-29 02:32:43 UTC,54498,2464,605
sell,1000,1,4,3226,2020-04-29 02:00:00 UTC,56699,2395,584
sell,1000,1,4,3226,2020-04-29 00:02:30 UTC,55515,2332,569
sell,1000,1,4,3226,2020-04-28 23:24:02 UTC,57065,2324,568
sell,1000,1,4,3226,2020-04-28 22:34:50 UTC,57000,2371,577
sell,1000,1,4,3226,2020-04-28 21:36:45 UTC,56994,2360,583
sell,1000,1,4,3226,2020-04-28 21:00:00 UTC,56799,2393,580
sell,1000,1,4,3226,2020-04-28 19:00:00 UTC,56255,2472,585
sell,1000,1,4,3226,2020-04-28 17:21:56 UTC,52714,2517,601
sell,1000,1,4,3226,2020-04-28 16:00:00 UTC,51986,2441,620
sell,1000,1,4,3226,2020-04-28 14:17:41 UTC,53987,2493,618
sell,1000,1,4,3226,2020-04-28 13:14:54 UTC,53986,2503,624
sell,1000,1,4,3226,2020-04-28 12:37:03 UTC,53684,2536,633
sell,1000,1,4,3226,2020-04-28 11:46:14 UTC,52500,2576,646
sell,1000,1,4,3226,2020-04-28 10:47:07 UTC,52529,2594,641
sell,1000,1,4,3226,2020-04-28 10:00:00 UTC,52647,2504,632
sell,1000,1,4,3226,2020-04-28 08:19:43 UTC,52088,2505,636
sell,1000,1,4,3226,2020-04-28 07:42:51 UTC,52389,2526,637
sell,1000,1,4,3226,2020-04-28 06:54:31 UTC,52502,2417,624
sell,1000,1,4,3226,2020-04-28 06:00:00 UTC,53331,2487,623
sell,1000,1,4,3226,2020-04-28 04:25:59 UTC,53999,2482,603
sell,1000,1,4,3226,2020-04-28 03:22:03 UTC,53400,2425,606
sell,1000,1,4,3226,2020-04-28 02:43:27 UTC,56996,2370,584
sell,1000,1,4,3226,2020-04-28 01:55:26 UTC,54998,2353,573
sell,1000,1,4,3226,2020-04-28 01:00:00 UTC,56874,2379,583
sell,1000,1,4,3226,2020-04-27 23:28:57 UTC,56491,2469,593
sell,1000,1,4,3226,2020-04-27 22:20:53 UTC,54800,2550,626
sell,1000,1,4,3226,2020-04-27 21:43:56 UTC,54899,2593,632
sell,1000,1,4,3226,2020-04-27 20:52:52 UTC,54095,2587,626
sell,1000,1,4,3226,2020-04-27 20:00:00 UTC,54972,2578,619
sell,1000,1,4,3226,2020-04-27 18:21:32 UTC,55397,2514,619
sell,1000,1,4,3226,2020-04-27 17:16:39 UTC,51999,2545,626
sell,1000,1,4,3226,2020-04-27 16:36:06 UTC,55373,2583,617
sell,1000,1,4,3226,2020-04-27 15:49:51 UTC,54000,2478,621
sell,1000,1,4,3226,2020-04-27 15:00:00 UTC,56992,2371,584
sell,1000,1,4,3226,2020-04-27 13:22:11 UTC,56780,2425,604
sell,1000,1,4,3226,2020-04-27 12:11:05 UTC,56467,2435,607
sell,1000,1,4,3226,2020-04-27 11:34:03 UTC,56780,2450,605
sell,1000,1,4,3226,2020-04-27 10:42:41 UTC,56782,2426,604
sell,1000,1,4,3226,2020-04-27 09:44:36 UTC,56502,2382,591
sell,1000,1,4,3226,2020-04-27 09:00:00 UTC,54598,2365,593
sell,1000,1,4,3226,2020-04-27 07:08:58 UTC,56998,2340,572
sell,1000,1,4,3226,2020-04-27 06:27:45 UTC,57050,2337,563
sell,1000,1,4,3226,2020-04-27 05:37:03 UTC,57089,2303,559
sell,1000,1,4,3226,2020-04-27 04:39:22 UTC,57085,2331,560
sell,1000,1,4,3226,2020-04-27 04:00:00 UTC,56220,2434,589
sell,1000,1,4,3226,2020-04-27 02:01:13 UTC,52999,2452,586
sell,1000,1,4,3226,2020-04-27 01:25:19 UTC,51501,2510,580
sell,1000,1,4,3226,2020-04-27 00:35:10 UTC,55554,2391,564
sell,1000,1,4,3226,2020-04-26 23:36:38 UTC,55324,2535,607
sell,1000,1,4,3226,2020-04-26 23:00:00 UTC,55212,2559,616
sell,1000,1,4,3226,2020-04-26 21:03:57 UTC,55398,2627,627
sell,1000,1,4,3226,2020-04-26 20:22:07 UTC,55418,2642,626
sell,1000,1,4,3226,2020-04-26 19:30:31 UTC,55309,2625,624
sell,1000,1,4,3226,2020-04-26 18:32:01 UTC,52000,2502,598
sell,1000,1,4,3226,2020-04-26 18:00:00 UTC,55429,2548,609
sell,1000,1,4,3226,2020-04-26 16:00:00 UTC,54976,2742,632
sell,1000,1,4,3226,2020-04-26 14:24:51 UTC,54788,2764,641
sell,1000,1,4,3226,2020-04-26 13:25:34 UTC,54886,2825,644
sell,1000,1,4,3226,2020-04-26 12:36:34 UTC,54889,2821,639
sell,1000,1,4,3226,2020-04-26 11:52:40 UTC,54595,2749,631
sell,1000,1,4,3226,2020-04-26 11:00:00 UTC,54749,2776,637
sell,1000,1,4,3226,2020-04-26 09:10:42 UTC,51400,2795,636
sell,1000,1,4,3226,2020-04-26 08:13:29 UTC,54997,2757,630
sell,1000,1,4,3226,2020-04-26 07:22:08 UTC,53799,2732,631
sell,1000,1,4,3226,2020-04-26 06:39:33 UTC,55431,2612,600
sell,1000,1,4,3226,2020-04-26 06:00:00 UTC,54293,2598,598
sell,1000,1,4,3226,2020-04-26 04:10:17 UTC,55282,2545,575
sell,1000,1,4,3226,2020-04-26 03:12:42 UTC,56971,2610,585
sell,1000,1,4,3226,2020-04-26 02:24:02 UTC,57082,2573,571
sell,1000,1,4,3226,2020-04-26 01:41:26 UTC,53199,2723,618
sell,1000,1,4,3226,2020-04-26 00:35:41 UTC,53989,2713,596
sell,1000,1,4,3226,2020-04-25 23:41:17 UTC,57084,2633,568
sell,1000,1,4,3226,2020-04-25 22:41:38 UTC,56999,2644,569
sell,1000,1,4,3226,2020-04-25 22:00:00 UTC,57591,2311,548
sell,1000,1,4,3226,2020-04-25 20:18:42 UTC,57898,2110,532
sell,1000,1,4,3226,2020-04-25 19:08:08 UTC,57979,2095,520
sell,1000,1,4,3226,2020-04-25 18:27:21 UTC,57499,2043,508
sell,1000,1,4,3226,2020-04-25 17:35:05 UTC,57888,1983,497
sell,1000,1,4,3226,2020-04-25 16:36:06 UTC,57985,2041,498
sell,1000,1,4,3226,2020-04-25 16:00:00 UTC,56246,2207,533
sell,1000,1,4,3226,2020-04-25 14:00:00 UTC,54740,2264,551
sell,1000,1,4,3226,2020-04-25 12:28:01 UTC,54998,2222,534
sell,1000,1,4,3226,2020-04-25 11:29:11 UTC,52020,2264,540
sell,1000,1,4,3226,2020-04-25 10:41:37 UTC,53598,2306,541
sell,1000,1,4,3226,2020-04-25 09:00:00 UTC,53534,2334,568
sell,1000,1,4,3226,2020-04-25 07:18:34 UTC,53099,2342,569
sell,1000,1,4,3226,2020-04-25 06:20:55 UTC,52332,2348,577
sell,1000,1,4,3226,2020-04-25 05:32:14 UTC,52037,2353,569
sell,1000,1,4,3226,2020-04-25 04:47:10 UTC,48500,2352,573
sell,1000,1,4,3226,2020-04-25 04:00:00 UTC,54143,2333,560
sell,1000,1,4,3226,2020-04-25 02:26:03 UTC,54350,2282,548
sell,1000,1,4,3226,2020-04-25 01:26:28 UTC,53999,2272,544
sell,1000,1,4,3226,2020-04-25 00:38:49 UTC,57492,2187,517
sell,1000,1,4,3226,2020-04-24 23:53:37 UTC,56248,2240,537
sell,1000,1,4,3226,2020-04-24 23:00:00 UTC,54945,2204,517
sell,1000,1,4,3226,2020-04-24 21:15:02 UTC,57198,2273,524
sell,1000,1,4,3226,2020-04-24 20:16:49 UTC,57094,2299,529
sell,1000,1,4,3226,2020-04-24 19:32:36 UTC,56996,2278,529
sell,1000,1,4,3226,2020-04-24 18:46:46 UTC,55985,2357,531
sell,1000,1,4,3226,2020-04-24 18:00:00 UTC,56377,2287,523
sell,1000,1,4,3226,2020-04-24 16:14:52 UTC,55090,2328,520
sell,1000,1,4,3226,2020-04-24 15:15:53 UTC,56999,2419,544
sell,1000,1,4,3226,2020-04-24 14:29:40 UTC,57175,2350,530
sell,1000,1,4,3226,2020-04-24 13:44:14 UTC,57078,2298,537
sell,1000,1,4,3226,2020-04-24 13:00:00 UTC,55923,2339,536
sell,1000,1,4,3226,2020-04-24 11:14:59 UTC,55084,2313,533
sell,1000,1,4,3226,2020-04-24 10:16:52 UTC,57200,2086,505
sell,1000,1,4,3226,2020-04-24 09:30:19 UTC,57889,2048,491
sell,1000,1,4,3226,2020-04-24 08:45:15 UTC,57998,2010,483
sell,1000,1,4,3226,2020-04-24 08:00:00 UTC,58318,2016,476
sell,1000,1,4,3226,2020-04-24 06:13:47 UTC,57558,1988,483
sell,1000,1,4,3226,2020-04-24 05:15:34 UTC,57961,2009,482
sell,1000,1,4,3226,2020-04-24 04:29:23 UTC,57961,2003,476
sell,1000,1,4,3226,2020-04-24 03:44:18 UTC,56999,2006,476
sell,1000,1,4,3226,2020-04-24 03:00:00 UTC,57487,2015,482
sell,1000,1,4,3226,2020-04-24 01:17:47 UTC,58876,2050,490
sell,1000,1,4,3226,2020-04-24 00:19:05 UTC,57584,2038,481
sell,1000,1,4,3226,2020-04-23 23:32:53 UTC,58417,2021,479
sell,1000,1,4,3226,2020-04-23 22:47:20 UTC,58912,2108,486
sell,1000,1,4,3226,2020-04-23 22:00:00 UTC,58819,2059,477
sell,1000,1,4,3226,2020-04-23 20:13:02 UTC,58725,2011,472
sell,1000,1,4,3226,2020-04-23 19:14:49 UTC,56045,2135,510
sell,1000,1,4,3226,2020-04-23 18:31:20 UTC,56900,2141,498
sell,1000,1,4,3226,2020-04-23 17:49:28 UTC,58410,2114,504
sell,1000,1,4,3226,2020-04-23 17:00:00 UTC,58717,2074,486
sell,1000,1,4,3226,2020-04-23 15:11:38 UTC,58930,1953,469
sell,1000,1,4,3226,2020-04-23 14:14:35 UTC,58930,1934,457
sell,1000,1,4,3226,2020-04-23 13:29:09 UTC,58718,2032,475
sell,1000,1,4,3226,2020-04-23 12:43:51 UTC,55925,2092,476
sell,1000,1,4,3226,2020-04-23 11:38:07 UTC,57368,1917,468
sell,1000,1,4,3226,2020-04-23 11:00:00 UTC,56484,2001,491
sell,1000,1,4,3226,2020-04-23 09:13:41 UTC,57584,1917,454
sell,1000,1,4,3226,2020-04-23 08:26:04 UTC,57481,1909,459
sell,1000,1,4,3226,2020-04-23 07:45:26 UTC,57499,1847,435
sell,1000,1,4,3226,2020-04-23 06:35:35 UTC,53998,1924,470
sell,1000,1,4,3226,2020-04-23 06:00:00 UTC,56621,1907,454
sell,1000,1,4,3226,2020-04-23 04:10:57 UTC,59200,1890,452
sell,1000,1,4,3226,2020-04-23 03:24:46 UTC,59500,1866,438
sell,1000,1,4,3226,2020-04-23 02:37:39 UTC,59511,1863,441
sell,1000,1,4,3226,2020-04-23 01:37:17 UTC,54898,1942,466
sell,1000,1,4,3226,2020-04-23 01:00:00 UTC,55948,1973,475
sell,1000,1,4,3226,2020-04-22 23:04:57 UTC,57446,1901,456
sell,1000,1,4,3226,2020-04-22 22:13:52 UTC,58098,1878,443
sell,1000,1,4,3226,2020-04-22 21:33:06 UTC,59691,1831,429
sell,1000,1,4,3226,2020-04-22 20:23:34 UTC,59698,1798,424
sell,1000,1,4,3226,2020-04-22 19:45:22 UTC,59799,1813,422
sell,1000,1,4,3226,2020-04-22 18:52:20 UTC,59700,1837,426
sell,1000,1,4,3226,2020-04-22 18:00:00 UTC,58925,2018,471
sell,1000,1,4,3226,2020-04-22 16:22:40 UTC,58299,2055,480
sell,1000,1,4,3226,2020-04-22 15:17:10 UTC,58362,2092,479
sell,1000,1,4,3226,2020-04-22 14:34:24 UTC,58592,2101,474
sell,1000,1,4,3226,2020-04-22 13:41:35 UTC,58590,2135,477
sell,1000,1,4,3226,2020-04-22 12:44:31 UTC,58977,2024,467
sell,1000,1,4,3226,2020-04-22 12:00:00 UTC,58896,2013,465
sell,1000,1,4,3226,2020-04-22 10:02:36 UTC,56999,1973,467
sell,1000,1,4,3226,2020-04-22 09:24:39 UTC,58878,2004,464
sell,1000,1,4,3226,2020-04-22 08:38:47 UTC,57897,2018,466
sell,1000,1,4,3226,2020-04-22 07:41:08 UTC,57998,2081,465
sell,1000,1,4,3226,2020-04-22 07:00:00 UTC,56899,2046,481
sell,1000,1,4,3226,2020-04-22 05:01:28 UTC,54803,2114,498
sell,1000,1,4,3226,2020-04-22 04:20:13 UTC,54808,2123,495
sell,1000,1,4,3226,2020-04-22 03:27:50 UTC,54815,2084,489
sell,1000,1,4,3226,2020-04-22 02:29:53 UTC,58805,2022,468
sell,1000,1,4,3226,2020-04-22 01:40:14 UTC,58807,2031,463
sell,1000,1,4,3226,2020-04-22 00:57:28 UTC,58809,2000,462
sell,1000,1,4,3226,2020-04-22 00:00:00 UTC,58490,1986,462
sell,1000,1,4,3226,2020-04-21 22:25:38 UTC,58000,2014,475
sell,1000,1,4,3226,2020-04-21 21:27:22 UTC,57790,2006,477
sell,1000,1,4,3226,2020-04-21 20:38:15 UTC,57599,2041,479
sell,1000,1,4,3226,2020-04-21 19:53:29 UTC,57991,2023,470
sell,1000,1,4,3226,2020-04-21 19:00:00 UTC,57298,2149,477
sell,1000,1,4,3226,2020-04-21 17:05:34 UTC,56924,2337,493
sell,1000,1,4,3226,2020-04-21 16:00:00 UTC,56215,2445,514
sell,1000,1,4,3226,2020-04-21 14:29:41 UTC,55886,2482,534
sell,1000,1,4,3226,2020-04-21 13:24:29 UTC,55796,2489,525
sell,1000,1,4,3226,2020-04-21 12:45:19 UTC,56528,2465,516
sell,1000,1,4,3226,2020-04-21 11:51:33 UTC,56540,2436,505
sell,1000,1,4,3226,2020-04-21 11:00:00 UTC,55865,2477,515
sell,1000,1,4,3226,2020-04-21 09:22:51 UTC,55599,2529,539
sell,1000,1,4,3226,2020-04-21 08:15:12 UTC,55690,2520,529
sell,1000,1,4,3226,2020-04-21 07:32:49 UTC,52499,2480,515
sell,1000,1,4,3226,2020-04-21 06:49:13 UTC,53036,2470,514
sell,1000,1,4,3226,2020-04-21 06:00:00 UTC,56454,2465,510
sell,1000,1,4,3226,2020-04-21 04:17:58 UTC,56387,2452,514
sell,1000,1,4,3226,2020-04-21 03:13:57 UTC,56541,2480,506
sell,1000,1,4,3226,2020-04-20 23:59:39 UTC,54790,2556,511
sell,1000,1,4,3226,2020-04-20 21:42:43 UTC,54696,2533,510
sell,1000,1,4,3226,2020-04-20 21:00:00 UTC,54984,2642,516
sell,1000,1,4,3226,2020-04-20 19:18:45 UTC,48599,2568,511
sell,1000,1,4,3226,2020-04-20 18:20:16 UTC,54605,2556,513
sell,1000,1,4,3226,2020-04-20 17:33:34 UTC,54897,2506,512
sell,1000,1,4,3226,2020-04-20 16:47:33 UTC,53056,2607,542
sell,1000,1,4,3226,2020-04-20 16:00:00 UTC,53597,2558,529
sell,1000,1,4,3226,2020-04-20 14:12:05 UTC,54395,2581,526
sell,1000,1,4,3226,2020-04-20 13:12:46 UTC,54291,2576,523
sell,1000,1,4,3226,2020-04-20 12:29:15 UTC,51999,2565,522
sell,1000,1,4,3226,2020-04-20 11:42:54 UTC,54197,2519,514
sell,1000,1,4,3226,2020-04-20 10:38:40 UTC,54499,2558,515
sell,1000,1,4,3226,2020-04-20 10:00:00 UTC,54295,2537,511
sell,1000,1,4,3226,2020-04-20 08:13:38 UTC,54899,2341,491
sell,1000,1,4,3226,2020-04-20 07:27:47 UTC,57597,2095,461
sell,1000,1,4,3226,2020-04-20 06:43:54 UTC,57306,2159,475
sell,1000,1,4,3226,2020-04-20 05:38:39 UTC,55998,2177,484
sell,1000,1,4,3226,2020-04-20 05:00:00 UTC,56522,2228,486
sell,1000,1,4,3226,2020-04-20 03:16:34 UTC,57708,2170,469
sell,1000,1,4,3226,2020-04-20 02:31:19 UTC,57798,2163,466
sell,1000,1,4,3226,2020-04-20 01:47:11 UTC,58986,1946,449
sell,1000,1,4,3226,2020-04-20 01:00:00 UTC,55500,2086,508
sell,1000,1,4,3226,2020-04-19 23:17:28 UTC,56868,2078,512
sell,1000,1,4,3226,2020-04-19 22:20:06 UTC,57000,2063,488
sell,1000,1,4,3226,2020-04-19 21:33:48 UTC,57000,2122,486
sell,1000,1,4,3226,2020-04-19 20:49:46 UTC,55899,2265,515
sell,1000,1,4,3226,2020-04-19 20:00:00 UTC,56040,2281,514
sell,1000,1,4,3226,2020-04-19 18:22:24 UTC,50000,2237,510
sell,1000,1,4,3226,2020-04-19 17:24:23 UTC,56596,2204,495
sell,1000,1,4,3226,2020-04-19 16:37:22 UTC,56796,2182,502
sell,1000,1,4,3226,2020-04-19 15:51:34 UTC,56881,2259,521
sell,1000,1,4,3226,2020-04-19 15:00:00 UTC,55886,2251,522
sell,1000,1,4,3226,2020-04-19 13:17:59 UTC,56669,2245,519
sell,1000,1,4,3226,2020-04-19 12:17:25 UTC,56888,2201,508
sell,1000,1,4,3226,2020-04-19 11:31:57 UTC,54998,2166,505
sell,1000,1,4,3226,2020-04-19 10:51:12 UTC,54790,2246,521
sell,1000,1,4,3226,2020-04-19 10:00:00 UTC,56998,2064,491
sell,1000,1,4,3226,2020-04-19 08:13:22 UTC,57489,2004,468
sell,1000,1,4,3226,2020-04-19 07:14:06 UTC,57584,1958,453
sell,1000,1,4,3226,2020-04-19 06:28:13 UTC,53596,1889,446
sell,1000,1,4,3226,2020-04-19 05:42:11 UTC,54000,1852,434
sell,1000,1,4,3226,2020-04-19 04:37:37 UTC,59000,1809,421
sell,1000,1,4,3226,2020-04-19 04:00:00 UTC,58589,1867,440
sell,1000,1,4,3226,2020-04-19 02:14:08 UTC,58000,1845,430
sell,1000,1,4,3226,2020-04-19 01:23:45 UTC,58992,1849,434
sell,1000,1,4,3226,2020-04-19 00:42:32 UTC,58493,1880,431
sell,1000,1,4,3226,2020-04-18 23:33:06 UTC,58887,1964,453
sell,1000,1,4,3226,2020-04-18 23:00:00 UTC,56999,1961,447
sell,1000,1,4,3226,2020-04-18 21:05:03 UTC,57605,2127,492
sell,1000,1,4,3226,2020-04-18 20:18:24 UTC,56987,2203,510
sell,1000,1,4,3226,2020-04-18 19:32:19 UTC,56090,2167,504
sell,1000,1,4,3226,2020-04-18 18:31:23 UTC,54998,2288,530
sell,1000,1,4,3226,2020-04-18 17:47:54 UTC,54988,2299,534
sell,1000,1,4,3226,2020-04-18 16:54:54 UTC,54596,2299,532
sell,1000,1,4,3226,2020-04-18 16:00:00 UTC,53993,2434,557
sell,1000,1,4,3226,2020-04-18 14:27:19 UTC,53984,2412,566
sell,1000,1,4,3226,2020-04-18 13:18:13 UTC,53991,2370,553
sell,1000,1,4,3226,2020-04-18 12:39:49 UTC,53997,2351,548
sell,1000,1,4,3226,2020-04-18 11:47:31 UTC,54998,2302,530
sell,1000,1,4,3226,2020-04-18 11:00:00 UTC,55489,2278,526
sell,1000,1,4,3226,2020-04-18 09:22:30 UTC,56396,2192,505
sell,1000,1,4,3226,2020-04-18 08:14:47 UTC,57396,2106,500
sell,1000,1,4,3226,2020-04-18 07:33:35 UTC,54999,2135,489
sell,1000,1,4,3226,2020-04-18 06:38:39 UTC,57000,2113,480
sell,1000,1,4,3226,2020-04-18 05:39:59 UTC,58967,2024,461
sell,1000,1,4,3226,2020-04-18 05:00:00 UTC,58833,2033,467
sell,1000,1,4,3226,2020-04-18 03:03:20 UTC,56502,2119,498
sell,1000,1,4,3226,2020-04-18 02:22:56 UTC,55400,2109,505
sell,1000,1,4,3226,2020-04-18 01:35:09 UTC,54994,2197,539
sell,1000,1,4,3226,2020-04-18 00:37:20 UTC,52515,2328,562
sell,1000,1,4,3226,2020-04-18 00:00:00 UTC,55009,2180,520
sell,1000,1,4,3226,2020-04-17 00:00:00 UTC,52226,2467,551
sell,1000,1,4,3226,2020-04-16 00:00:00 UTC,52662,2318,523
sell,1000,1,4,3226,2020-04-15 00:00:00 UTC,57691,2130,494
sell,1000,1,4,3226,2020-04-14 00:00:00 UTC,57172,1950,449
sell,1000,1,4,3226,2020-04-13 00:00:00 UTC,57674,1835,417
sell,1000,1,4,3226,2020-04-12 00:00:00 UTC,56885,1874,430
sell,1000,1,4,3226,2020-04-11 00:00:00 UTC,57671,1820,417
sell,1000,1,4,3226,2020-04-10 00:00:00 UTC,56515,2097,446
sell,1000,1,4,3226,2020-04-09 00:00:00 UTC,55586,1943,437
sell,1000,1,4,3226,2020-04-08 00:00:00 UTC,54658,2191,474
sell,1000,1,4,3226,2020-04-07 00:00:00 UTC,54557,2336,496
sell,1000,1,4,3226,2020-04-06 00:00:00 UTC,53159,2360,498
sell,1000,1,4,3226,2020-04-05 00:00:00 UTC,52987,2769,571
sell,1000,1,4,3226,2020-04-04 00:00:00 UTC,52858,2734,554
sell,1000,1,4,3226,2020-04-03 00:00:00 UTC,52194,2961,568
sell,1000,1,4,3226,2020-04-02 00:00:00 UTC,52171,3369,620
sell,1000,1,4,3226,2020-04-01 00:00:00 UTC,52187,3373,597
sell,1000,1,4,3226,2020-03-31 00:00:00 UTC,51806,3569,615
sell,1000,1,4,3226,2020-03-30 00:00:00 UTC,50620,3830,663
sell,1000,1,4,3226,2020-03-29 00:00:00 UTC,51512,3766,646
sell,1000,1,4,3226,2020-03-28 00:00:00 UTC,51214,3712,654
sell,1000,1,4,3226,2020-03-27 00:00:00 UTC,51316,3584,632
sell,1000,1,4,3226,2020-03-26 00:00:00 UTC,50217,3845,681
sell,1000,1,4,3226,2020-03-25 00:00:00 UTC,50488,3807,695
sell,1000,1,4,3226,2020-03-24 00:00:00 UTC,51097,3673,652
sell,1000,1,4,3226,2020-03-23 00:00:00 UTC,50185,4140,752
sell,1000,1,4,3226,2020-03-22 00:00:00 UTC,50894,3946,715
sell,1000,1,4,3226,2020-03-21 00:00:00 UTC,50576,3950,693
sell,1000,1,4,3226,2020-03-20 00:00:00 UTC,50345,3918,678
sell,1000,1,4,3226,2020-03-19 00:00:00 UTC,48351,4230,739
sell,1000,1,4,3226,2020-03-18 00:00:00 UTC,51002,3825,662
sell,1000,1,4,3226,2020-03-17 00:00:00 UTC,52021,3657,615
sell,1000,1,4,3226,2020-03-16 00:00:00 UTC,51422,3975,664
sell,1000,1,4,3226,2020-03-15 00:00:00 UTC,51564,3852,644
sell,1000,1,4,3226,2020-03-14 00:00:00 UTC,50560,3832,633
sell,1000,1,4,3226,2020-03-13 00:00:00 UTC,51021,4010,626
sell,1000,1,4,3226,2020-03-12 00:00:00 UTC,50582,4041,619
sell,1000,1,4,3226,2020-03-11 00:00:00 UTC,49780,4160,652
sell,1000,1,4,3226,2020-03-10 00:00:00 UTC,49731,4110,650
sell,1000,1,4,3226,2020-03-09 00:00:00 UTC,50575,4083,643
sell,1000,1,4,3226,2020-03-08 00:00:00 UTC,50710,4246,668
sell,1000,1,4,3226,2020-03-07 00:00:00 UTC,49602,4365,699
sell,1000,1,4,3226,2020-03-06 00:00:00 UTC,50278,4601,741
sell,1000,1,4,3226,2020-03-05 00:00:00 UTC,48112,4721,769
sell,1000,1,4,3226,2020-03-04 00:00:00 UTC,50234,4545,724
sell,1000,1,4,3226,2020-03-03 00:00:00 UTC,50612,4324,682
sell,1000,1,4,3226,2020-03-02 00:00:00 UTC,50162,4336,689
sell,1000,1,4,3226,2020-03-01 00:00:00 UTC,51195,4129,645
sell,1000,1,4,3226,2020-02-29 00:00:00 UTC,48939,4188,673
sell,1000,1,4,3226,2020-02-28 00:00:00 UTC,49095,4259,687
sell,1000,1,4,3226,2020-02-27 00:00:00 UTC,48173,4421,711
sell,1000,1,4,3226,2020-02-26 00:00:00 UTC,49747,4055,637
sell,1000,1,4,3226,2020-02-25 00:00:00 UTC,50042,4140,692
sell,1000,1,4,3226,2020-02-24 00:00:00 UTC,48675,4129,691
sell,1000,1,4,3226,2020-02-23 00:00:00 UTC,50467,3909,668
sell,1000,1,4,3226,2020-02-22 00:00:00 UTC,50011,4013,706
sell,1000,1,4,3226,2020-02-21 00:00:00 UTC,50471,3978,690
sell,1000,1,4,3226,2020-02-20 00:00:00 UTC,49736,4153,738
sell,1000,1,4,3226,2020-02-19 00:00:00 UTC,50406,4062,710
sell,1000,1,4,3226,2020-02-18 00:00:00 UTC,50715,3988,689
sell,1000,1,4,3226,2020-02-17 00:00:00 UTC,50423,3803,615
sell,1000,1,4,3226,2020-02-16 00:00:00 UTC,50687,3799,616
sell,1000,1,4,3226,2020-02-15 00:00:00 UTC,51291,3604,595
sell,1000,1,4,3226,2020-02-14 00:00:00 UTC,50830,3653,634
sell,1000,1,4,3226,2020-02-13 00:00:00 UTC,50821,3562,622
sell,1000,1,4,3226,2020-02-12 00:00:00 UTC,49680,3520,709
sell,1000,1,4,3226,2020-02-11 00:00:00 UTC,49165,3448,717
sell,1000,1,4,3226,2020-02-10 00:00:00 UTC,49056,3484,711
sell,1000,1,4,3226,2020-02-09 00:00:00 UTC,49384,3341,691
sell,1000,1,4,3226,2020-02-08 00:00:00 UTC,50220,3158,643
sell,1000,1,4,3226,2020-02-07 00:00:00 UTC,51521,3041,600
sell,1000,1,4,3226,2020-02-06 00:00:00 UTC,51364,3163,634
sell,1000,1,4,3226,2020-02-05 00:00:00 UTC,51836,3135,623
sell,1000,1,4,3226,2020-02-04 00:00:00 UTC,50996,3150,632
sell,1000,1,4,3226,2020-02-03 00:00:00 UTC,51133,3421,705
sell,1000,1,4,3226,2020-02-02 00:00:00 UTC,50996,3151,631
sell,1000,1,4,3226,2020-02-01 00:00:00 UTC,50783,3217,622
sell,1000,1,4,3226,2020-01-31 00:00:00 UTC,50791,3465,676
sell,1000,1,4,3226,2020-01-30 00:00:00 UTC,49378,3643,726
sell,1000,1,4,3226,2020-01-29 00:00:00 UTC,51049,3435,665
sell,1000,1,4,3226,2020-01-28 00:00:00 UTC,50753,3424,656
sell,1000,1,4,3226,2020-01-27 00:00:00 UTC,50016,3541,703
sell,1000,1,4,3226,2020-01-26 00:00:00 UTC,50024,3569,692
sell,1000,1,4,3226,2020-01-25 00:00:00 UTC,49336,3517,671
sell,1000,1,4,3226,2020-01-24 00:00:00 UTC,50616,3352,650
sell,1000,1,4,3226,2020-01-23 00:00:00 UTC,50438,3279,634
sell,1000,1,4,3226,2020-01-22 00:00:00 UTC,51438,3194,615
sell,1000,1,4,3226,2020-01-21 00:00:00 UTC,50863,3351,647
sell,1000,1,4,3226,2020-01-20 00:00:00 UTC,50674,3454,660
sell,1000,1,4,3226,2020-01-19 00:00:00 UTC,50802,3494,672
sell,1000,1,4,3226,2020-01-18 00:00:00 UTC,49253,3621,707
sell,1000,1,4,3226,2020-01-17 00:00:00 UTC,49919,3741,736
sell,1000,1,4,3226,2020-01-16 00:00:00 UTC,49512,3801,760
sell,1000,1,4,3226,2020-01-15 00:00:00 UTC,50306,3635,722
sell,1000,1,4,3226,2020-01-14 00:00:00 UTC,50310,3760,725
sell,1000,1,4,3226,2020-01-13 00:00:00 UTC,48983,3608,717
sell,1000,1,4,3226,2020-01-12 00:00:00 UTC,49791,3519,712
sell,1000,1,4,3226,2020-01-11 00:00:00 UTC,50430,3384,658
sell,1000,1,4,3226,2020-01-10 00:00:00 UTC,49932,3413,665
sell,1000,1,4,3226,2020-01-09 00:00:00 UTC,49854,3269,660
sell,1000,1,4,3226,2020-01-08 00:00:00 UTC,50700,3054,593
sell,1000,1,4,3226,2020-01-07 00:00:00 UTC,52775,2978,583
sell,1000,1,4,3226,2020-01-06 00:00:00 UTC,51294,3355,666
sell,1000,1,4,3226,2020-01-05 00:00:00 UTC,50325,3445,694
sell,1000,1,4,3226,2020-01-04 00:00:00 UTC,51269,3431,678
sell,1000,1,4,3226,2020-01-03 00:00:00 UTC,51580,3321,654
sell,1000,1,4,3226,2020-01-02 00:00:00 UTC,51205,3324,661
sell,1000,1,4,3226,2020-01-01 00:00:00 UTC,50306,3570,711
sell,1000,1,4,3226,2019-12-31 00:00:00 UTC,49180,3691,750
sell,1000,1,4,3226,2019-12-30 00:00:00 UTC,50094,3651,721
sell,1000,1,4,3226,2019-12-29 00:00:00 UTC,50646,3750,703
sell,1000,1,4,3226,2019-12-28 00:00:00 UTC,49935,3822,731
sell,1000,1,4,3226,2019-12-27 00:00:00 UTC,50352,3842,730
sell,1000,1,4,3226,2019-12-26 00:00:00 UTC,50185,3946,752
sell,1000,1,4,3226,2019-12-25 00:00:00 UTC,49361,3927,751
sell,1000,1,4,3226,2019-12-24 00:00:00 UTC,50075,4051,783
sell,1000,1,4,3226,2019-12-23 00:00:00 UTC,50348,4030,766
sell,1000,1,4,3226,2019-12-22 00:00:00 UTC,49007,4090,798
sell,1000,1,4,3226,2019-12-21 00:00:00 UTC,48447,4057,792
sell,1000,1,4,3226,2019-12-20 00:00:00 UTC,47356,4083,807
sell,1000,1,4,3226,2019-12-19 00:00:00 UTC,48479,3979,776
sell,1000,1,4,3226,2019-12-18 00:00:00 UTC,49844,4004,773
sell,1000,1,4,3226,2019-12-17 00:00:00 UTC,49195,3837,751
sell,1000,1,4,3226,2019-12-16 00:00:00 UTC,49825,3547,707
